,0,1,2,3,4,5,6,7,8,9,10,11
0,JW1950,JW1262,JW2361,JW2805,JW0872,JW0662,JW4024,JW4287,JW1702,JW0419,JW0714,JW1268
1,hchA,btuR,dsdC,galR,lrp,nagC,soxR,uxuR,ihfA,cyoD,sdhB,acnA
2,JW2201,JW4094,JW3046,JW0895,JW2807,JW3195,JW4023,JW2396,JW3732,JW0420,JW0716,JW1413
3,ada,cadC,ebgR,ihfB,lysR,nanR,soxS,xapR,rbsR,cyoC,sucB,gapC
4,JW4077,JW1966,JW3232,JW3964,JW1612,JW0019,JW2644,JW3254,JW1901,JW0421,JW0717,JW5906
5,adiY,cbl,envR,hupA,malI,nhaR,stpA,zntR,sdiA,cyoB,sucC,gapC
6,JW0553,JW1724,JW0555,JW0430,JW4079,JW0109,JW3089,JW0198,JW2676,JW0422,JW0739,JW1603
7,appY,chbR,envY,hupB,melR,pdhR,tdcA,yafC,srlR,cyoA,galM,fumC
8,JW3206,JW1023,JW1176,JW2883,JW3909,JW0244,JW4200,JW0596,JW0007,JW0506,JW0886,JW1604
9,argR,csgD,fadR,argP,metJ,perR,treR,ybdO,talB,fdrA,pflB,fumA
10,JW3721,JW5894,JW3229,JW4221,JW3804,JW4063,JW4356,JW0624,JW0111,JW0711,JW0960,JW1666
11,asnC,cynR,fis,idnR,metR,phnF,trpR,ybeF,aceF,sdhC,appC,pykF
12,JW0305,JW3905,JW1328,JW3746,JW0337,JW1650,JW1316,JW5917,JW0114,JW0712,JW0961,JW1841
13,betI,cytR,fnr,ilvY,mhpR,purR,tyrR,rcsC,acnB,sdhD,appB,zwf
14,JW3701,JW0824,JW2776,JW0075,JW1967,JW3877,JW1610,JW0078,JW0324,JW0713,JW1228,JW1843
15,bglG,deoR,fucR,leuO,nac,rhaR,uidR,fruR,prpC,sdhA,adhE,pykA
0,JW2011,JW2279,JW0563,JW3923,JW4113,JW0612,JW1601,JW2213,JW3169,JW3882,JW4361,JW3077
1,gnd,nuoF,cusB,pflD,frdC,citB,rstB,atoS,rpoN,cpxA,creB,yhaK
2,JW2271,JW2280,JW2943,JW3928,JW4114,JW0683,JW1871,JW2366,JW5536,JW3883,JW4362,JW1644
3,nuoN,nuoE,glcB,ppc,frdB,kdpD,cheY,evgA,arcB,cpxR,creC,rnt
4,JW2272,JW5875,JW3205,JW3974,JW4115,JW0797,JW1872,JW2367,JW3368,JW3967,JW4364,JW2294
5,nuoM,nuoB,mdh,aceB,frdA,dps,cheB,evgS,ompR,zraS,arcA,pta
6,JW2273,JW2283,JW3343,JW3975,JW4346,JW0980,JW1877,JW2453,JW3624,JW3968,JW3021,JW0855
7,nuoL,nuoA,yhfW,aceA,deoB,torR,cheA,narQ,rpoZ,zraR,glgS,poxB
8,JW2274,JW2385,JW3349,JW3985,JW4358,JW1116,JW1899,JW2538,JW3643,JW4073,JW1186,JW1375
9,nuoK,glk,rpe,pgi,ytjC,phoP,uvrY,yfhA,uhpB,basS,treA,ldhA
10,JW2275,JW2447,JW3587,JW4051,JW0389,JW1212,JW1951,JW2757,JW3644,JW4074,JW2034,JW2121
11,nuoJ,maeB,gpmI,rpiB,phoB,narL,yedV,barA,uhpA,basR,cpsB,dld
12,JW2277,JW2448,JW3887,JW4083,JW0390,JW1213,JW2181,JW2993,JW3839,JW4085,JW3730,JW3580
13,nuoH,talA,pfkA,fumB,phoR,narX,narP,qseB,glnG,dcuR,rbsB,lldD
14,JW2278,JW2449,JW3918,JW4112,JW0611,JW1600,JW2205,JW2994,JW3840,JW4086,JW1235,JW0675
15,nuoG,tktB,fsaB,frdD,citA,rstA,rcsB,qseC,glnL,dcuS,oppA,pgm
0,JW0710,JW3703,JW1874,JW0318,JW2293,JW2633,JW0554,JW1088,JW0561,JW2815,JW2144,JW1645
1,gltA,pstB,tap,yahL,ackA,yqaD,ompT,fhuE,cusC,yqeI,yeiE,lhr
2,JW0723,JW0401,JW0945,JW0110,JW2369,JW0449,JW0755,JW2462,JW3996,JW2818,JW3557,JW3753
3,cydB,tsx,helD,aceE,yfdV,hha,ybhC,nlpB,lamB,ygeF,yiaU,rhlB
4,JW5478,JW2096,JW5905,JW0112,JW2373,JW1502,JW1010,JW0940,JW1499,JW2824,JW3689,JW2560
5,tktA,yehB,hrpA,lpd,ypdI,ydeU,ycdS,ompA,ydeT,ygeL,yidZ,srmB
6,JW2334,JW2044,JW0764,JW4191,JW2421,JW2142,JW3556,JW2203,JW4275,JW0120,JW4290,JW1797
7,yfcT,wcaA,moaA,fbp,yfeU,cirA,yiaT,ompC,fimB,gcd,yjiE,yoaA
8,JW2342,JW3285,JW0117,JW0560,JW2497,JW2784,JW1795,JW0912,JW5780,JW4195,JW1587,JW0104
9,yfdF,gspA,speE,cusR,yfgM,mltA,yeaY,ompF,fimD,cybC,ynfL,ppdD
10,JW0564,JW3354,JW0530,JW3367,JW2585,JW2671,JW3474,JW1371,JW4276,JW3896,JW1337,JW0145
11,cusA,hofQ,renD,envZ,yfiN,mltB,slp,ompN,fimE,glpX,dbpA,mrcB
12,JW1771,JW3454,JW0100,JW3393,JW2621,JW0731,JW0188,JW2047,JW3113,JW5896,JW0058,JW0157
13,mipA,yhiI,coaE,glgC,yfjV,pal,nlpE,wza,yraJ,ybhD,hepA,degP
14,JW0146,JW3043,JW0243,JW2486,JW2629,JW1270,JW2341,JW0790,JW2762,JW1788,JW0144,JW0227
15,fhuA,aer,ykfA,ppk,ypjB,pgpB,fadL,fiu,yqcB,yeaT,hrpB,pepD
0,JW0322,JW0915,JW1818,JW2669,JW2911,JW3930,JW3465,JW4217,JW2221,JW2250,JW2332,JW2393
1,prpR,pepN,htpX,recA,sprT,argC,prlC,pepA,yfaS,yfbH,yfcR,yfeC
2,JW0427,JW0957,JW1834,JW2688,JW2939,JW3902,JW3434,JW4291,JW2222,JW2252,JW2350,JW2394
3,clpP,hyaD,ptrB,hycH,pppA,hslU,zntA,iadA,yfaS,yfbW,yfdK,yfeD
4,JW0428,JW1113,JW2005,JW2687,JW2961,JW3903,JW3412,JW4352,JW2223,JW2267,JW2352,JW2412
5,clpX,pepT,hisH,hycI,hybD,hslV,ggt,radA,yfaT,yfbM,yfdM,yfeK
6,JW0429,JW1172,JW2066,JW2712,JW3100,JW3869,JW3297,JW2150,JW2224,JW2270,JW2355,JW2425
7,lon,umuD,yegQ,nlpD,agaR,frvX,gspO,yeiL,yfaA,yfbP,yfdO,yfeY
8,JW0483,JW1264,JW2325,JW2723,JW3098,JW3823,JW3981,JW2152,JW2232,JW2288,JW2357,JW2426
9,tesA,sohB,mepA,iap,sohA,pepQ,pepE,yeiN,yfaH,yfbR,yfdQ,yfeZ
10,JW0627,JW1431,JW2382,JW2789,JW3127,JW5595,JW4131,JW2169,JW2238,JW2296,JW2358,JW2432
11,dacA,ydcP,ypdF,ptr,yhbU,yifK,hflX,yejG,yfaD,yfcD,yfdR,eutL
12,JW0840,JW1489,JW2476,JW2840,JW3149,JW3670,JW4132,JW2219,JW5964,JW2322,JW2372,JW2435
13,potH,pqqL,hyfR,ygeY,dacB,dgoK,hflK,yfaP,ypaA,yfcL,yfdX,eutA
14,JW0866,JW1755,JW2507,JW2903,JW3203,JW3495,JW4133,JW2220,JW2239,JW2330,JW2387,JW2443
15,clpA,sppA,pepB,yggG,degQ,yhjJ,hflC,yfaQ,yfaU,yfcP,ypeC,eutT
0,JW2444,JW2570,JW2611,JW2647,JW1560,JW1618,JW1695,JW1782,JW1835,JW1914,JW2099,JW0976
1,eutQ,yfiM,yfjN,ygaM,ydfX,ydgK,ydiE,yoaF,yebE,yedE,yehE,gnsA
2,JW2445,JW2584,JW2614,JW2658,JW1563,JW1631,JW1697,JW1786,JW1837,JW1940,JW2105,JW0984
3,eutP,yfiR,yfjQ,ygaH,ydfA,ydhA,ydiV,yeaR,yebG,yodC,yehI,cbpM
4,JW2446,JW2600,JW2623,JW2702,JW1565,JW1637,JW1711,JW1800,JW1857,JW1946,JW2106,JW0986
5,ypfE,yfjG,yfjW,ygbA,ydfC,ydhK,ydiY,yoaH,yecE,yedR,yehK,yccE
6,JW2450,JW2603,JW2624,JW2719,JW1567,JW1657,JW1715,JW1809,JW1891,JW1988,JW2108,JW0988
7,ypfG,yfjH,yfjX,ygbE,ydfD,ydhR,yniB,yobD,yecJ,yeeW,yehM,yccJ
8,JW2457,JW2605,JW2627,JW2725,JW1575,JW1658,JW1722,JW1814,JW1892,JW1990,JW2110,JW1006
9,ypfN,yfjI,ypjF,ygbT,ynfB,ydhS,chbG,yebO,yecR,yeeA,yehQ,ycdP
10,JW2504,JW2608,JW2631,JW2726,JW1590,JW1659,JW1749,JW1828,JW1894,JW1995,JW2112,JW1034
11,yfhM,yfjK,ygaR,ygcH,ydgD,ydhT,ynjH,yebY,yecH,yeeE,yehS,mdoC
12,JW2520,JW2609,JW2645,JW1547,JW1599,JW1662,JW1766,JW1829,JW1900,JW2058,JW5970,JW1050
13,hcaT,yfjL,ygaW,ydfR,ydgC,ydhW,yeaC,yebZ,yecF,yegL,yccV,yceB
14,JW2539,JW2610,JW2646,JW5909,JW1617,JW1675,JW1776,JW1832,JW1913,JW2095,JW0968,JW1054
15,yfhG,yfjM,ygaC,ydfU,ydgT,ydiH,yeaK,yobB,yedD,yehA,ymcB,yceH
0,JW1090,JW1154,JW1251,JW1341,JW1377,JW1447,JW1534,JW0282,JW0355,JW0400,JW0516,JW0594
1,ycfL,ymgC,yciG,ydaC,ynbE,yncE,ydfZ,ykgJ,yaiP,yajD,ybcI,ybdM
2,JW1098,JW1167,JW1265,JW1346,JW1408,JW1452,JW1539,JW0284,JW0356,JW0455,JW0535,JW0595
3,ycfR,ycgK,yciN,ydaE,ynbD,ydcD,tfaQ,yagW,yaiS,ybaM,ybcN,ybdN
4,JW1101,JW1183,JW1288,JW1349,JW1411,JW1453,JW1545,JW0286,JW0366,JW0457,JW0537,JW0638
5,ycfT,ycgR,ymjA,ydaF,ydcF,yncI,ydfP,yagY,yaiV,ybaN,ybcO,ybeL
6,JW1133,JW1196,JW1319,JW1353,JW1416,JW1456,JW0239,JW0287,JW0369,JW0471,JW0539,JW0640
7,ymfL,ychH,mpaA,ydaT,ydcA,ydcE,ykfB,yagZ,yaiW,ybaP,ybcQ,ybeR
8,JW1134,JW1204,JW5960,JW1354,JW1424,JW1468,JW0259,JW0311,JW0370,JW0489,JW0556,JW0641
9,ymfM,ychQ,ymjC,ydaU,ydcK,yddL,yagB,yahE,yaiY,ybbD,ybcH,djlB
10,JW1136,JW1247,JW5804,JW1359,JW1432,JW1469,JW0270,JW0313,JW0380,JW0503,JW0562,JW0643
11,ymfR,yciC,ycjY,ynaK,yncJ,yddG,yagJ,yahG,yaiA,ylbA,cusF,ybeU
12,JW1137,JW1249,JW1326,JW1360,JW1433,JW1516,JW0271,JW0321,JW0382,JW0508,JW0569,JW0667
13,ymfO,yciE,ynaJ,ydaY,ydcQ,yneG,yagK,yahO,yaiE,ylbE,ybdJ,ybfM
14,JW1139,JW1250,JW1334,JW1376,JW1441,JW1520,JW0281,JW0349,JW0394,JW0509,JW0591,JW0691
15,ymfQ,yciF,ydaL,ydbH,ydcY,yneK,yagU,yaiO,yajB,ylbF,ybdD,ybfB
0,JW0693,JW0827,JW1004,JW1205,JW1529,JW1989,JW2340,JW2763,JW0133,JW0225,JW2242,JW0642
1,ybfC,ybjH,ycdB,ychA,ydeI,yeeX,yfcZ,yqcC,yadL,ykfJ,yfaX,ybeT
2,JW0725,JW0834,JW1018,JW1240,JW1606,JW2139,JW2346,JW2777,JW0159,JW0229,JW2455,JW0703
3,ybgE,ybjC,ycdY,yciU,ydgA,yeiB,yfdG,ygdE,yaeH,frsA,yffB,ybgL
4,JW0736,JW0837,JW1043,JW1243,JW1623,JW2174,JW2424,JW0004,JW0185,JW0234,JW2459,JW0903
5,ybgS,ybjN,yceI,yciI,rsxG,yejK,yfeX,yaaX,yaeP,ykfI,ypfI,ycbC
6,JW0773,JW0842,JW1044,JW1271,JW1714,JW2175,JW2508,JW0012,JW0186,JW0235,JW2527,JW1574
7,ybhP,ybjO,yceJ,yciS,yniA,yejL,yfhJ,yaaI,yaeQ,yafW,yphA,ynfA
8,JW0783,JW0860,JW1074,JW1314,JW1781,JW2265,JW2599,JW0099,JW0203,JW5956,JW2662,JW1778
9,ybiA,ybjD,yceD,ycjX,yeaO,yfbK,yfjF,yacF,yafS,ykfH,luxS,yeaL
10,JW0787,JW0902,JW1114,JW1315,JW1938,JW2292,JW2664,JW0113,JW0206,JW1669,JW2782,JW1916
11,ybiJ,ycbJ,ycfD,ycjF,yedP,yfbV,yqaA,yacH,yafT,sufE,ygdK,yedK
12,JW0788,JW0924,JW1140,JW1419,JW1941,JW2298,JW2707,JW0118,JW0214,JW5281,JW0348,JW1945
13,ybiI,ycbT,ycfK,ydcJ,yedI,yfcF,ygbK,yacC,yafK,ydjM,frmR,yedJ
14,JW0805,JW0925,JW1177,JW5961,JW1958,JW2328,JW2738,JW0132,JW0223,JW1984,JW0378,JW2086
15,ybiU,ycbU,ycgB,yncK,yeeI,yfcN,ygcP,yadK,yafO,yeeS,yaiI,yegU
0,JW2092,JW0215,JW1483,JW2641,JW0491,JW0861,JW1853,JW1762,JW2708,JW1308,JW1106,JW0433
1,yohL,yafQ,ddpX,yqaE,ybbB,ybjX,yebC,ydjI,ygbL,ycjS,cobB,ybaW
2,JW2129,JW0277,JW1619,JW2778,JW0493,JW0889,JW1942,JW2670,JW0756,JW1333,JW1318,JW0726
3,yohJ,yagQ,rsxA,ygdD,allA,ycaP,yedA,ygaD,ybhB,abgR,ycjG,ybgC
4,JW2130,JW0501,JW1626,JW0115,JW0732,JW0900,JW1964,JW1017,JW1327,JW2521,JW2241,JW1510
5,yohK,ybbY,ydgR,yacL,ybgF,ycaR,yeeN,ycdX,uspE,hcaR,yfaW,lsrF
6,JW2148,JW0504,JW1632,JW0126,JW0750,JW0908,JW2230,JW1258,JW2324,JW2715,JW2501,JW2266
7,yeiJ,allC,ydhH,yadE,ybhE,ycbB,yfaE,yciV,yfcA,truD,yfgB,yfbL
8,JW2151,JW0570,JW1696,JW0218,JW0752,JW0909,JW0080,JW1674,JW2808,JW0182,JW2575,JW0191
9,yeiM,ybdK,ydiU,yafM,ybhH,ycbK,mraW,sufA,ygeA,yaeR,yfiH,yaeB
10,JW2496,JW0699,JW1821,JW0224,JW0821,JW0942,JW0656,JW1754,JW0154,JW0385,JW2592,JW0403
11,yfgL,ybgH,yebR,yafP,yliI,yccR,ybeY,ydjA,btuF,mak,ypjD,ybaD
12,JW2563,JW0858,JW2145,JW0384,JW0831,JW0944,JW0995,JW1767,JW0276,JW0770,JW2709,JW0850
13,yfiD,ybjE,yeiH,rdgC,ybjL,yccF,ycdK,yeaA,yagP,ybhM,ygbM,ybjQ
14,JW0153,JW0865,JW2371,JW0472,JW0851,JW1003,JW1530,JW2512,JW0763,JW1105,JW0079,JW0997
15,yadS,clpS,frc,ybaQ,ybjR,ycdO,ydeJ,iscA,ybhK,ycfX,mraZ,ycdM
0,JW1002,JW0236,JW1032,JW2062,JW2245,JW2319,JW2488,JW2635,JW2748,JW2680,JW1593,JW1150
1,ycdN,ykfG,ymdB,mdtD,yfaO,yfcJ,yfgF,ygaF,ygcF,norV,ydgG,ycgF
2,JW1274,JW0247,JW1245,JW2070,JW2248,JW2347,JW2500,JW2642,JW2765,JW0497,JW0977,JW1168
3,yciH,insO,yciA,yegS,yfbF,yfdH,yfgA,ygaV,yqcD,glxR,yccM,ycgL
4,JW1684,JW0260,JW1435,JW2119,JW2251,JW2378,JW2518,JW2643,JW2798,JW1682,JW0994,JW1193
5,ydiF,yagA,ydcS,yehZ,arnT,ypdB,yfhR,ygaP,nudH,ydiB,rarA,ycgV
6,JW1787,JW0278,JW1459,JW2147,JW2258,JW2379,JW2532,JW2655,JW2800,JW2128,JW1007,JW1210
7,yeaS,yagR,yddE,yeiI,yfbB,ypdC,yphF,ygaX,ygdQ,dusC,ycdQ,ychN
8,JW1890,JW0279,JW1994,JW2161,JW2289,JW2386,JW2542,JW2665,JW2803,JW2706,JW1042,JW1211
9,yecI,yagS,yeeD,yeiR,yfbS,yfeO,yfhD,yqaB,ygeD,ygbJ,yceA,ychP
10,JW2562,JW0589,JW2012,JW2165,JW2295,JW2420,JW2545,JW2681,JW0910,JW0798,JW1052,JW1221
11,yfiK,ybdB,wbbL,yejA,yfcC,yfeT,yfhH,norW,ycbL,rhtA,mdtH,ychJ
12,JW2578,JW0721,JW2052,JW2172,JW2299,JW2427,JW2559,JW2731,JW1169,JW1121,JW1086,JW1272
13,yfiA,mngB,yegE,yejH,yfcG,ypeA,yfiC,ygcB,ycgM,ymfC,ycfH,yciM
14,JW2657,JW0888,JW2061,JW2227,JW2301,JW2451,JW2568,JW2746,JW1457,JW1261,JW1120,JW1278
15,ygaZ,ycaO,mdtC,yfaL,yfcH,yffH,yfiQ,yqcE,yddH,rluB,ymfB,gmr
0,JW1291,JW1402,JW1646,JW1747,JW1896,JW2761,JW1551,JW0300,JW0434,JW0655,JW0777,JW0819
1,puuD,ydbA,ydhD,ynjF,yecA,yqcA,ydfT,ykgF,ybaX,ybeX,ybhS,yliG
2,JW1292,JW1405,JW1652,JW1757,JW1915,JW2791,JW0006,JW0307,JW0435,JW0659,JW0779,JW0822
3,puuR,ynbA,ydhC,pncA,yedF,ppdC,yaaJ,yahA,ybaE,ubiF,ybhG,yliJ
4,JW1303,JW1430,JW1655,JW1774,JW1917,JW0527,JW0066,JW0312,JW0444,JW0701,JW0785,JW0829
5,ycjN,ydcN,mdtK,yeaI,yedL,ybcD,thiP,yahF,ybaZ,ybgJ,ybiB,ybjJ
6,JW1309,JW1434,JW1664,JW1802,JW1980,JW0543,JW0068,JW0350,JW0460,JW0702,JW0801,JW0875
7,ycjT,ydcR,ydhY,yeaB,yoeE,essD,sgrR,yaiX,ybaB,ybgK,mntR,ycaJ
8,JW1323,JW1437,JW1680,JW1805,JW2649,JW1361,JW0187,JW0373,JW0467,JW0749,JW0803,JW0880
9,ynaI,ydcU,ydiM,yoaE,nrdI,ynaA,yaeJ,yaiB,ybaL,ybhA,ybiS,ycaC
10,JW1336,JW1486,JW5274,JW1842,JW2659,JW5904,JW0200,JW0376,JW0470,JW0753,JW0806,JW0881
11,ydaN,yddW,ydiN,yebK,mprA,lomR,yafE,yaiC,ybaK,ybhI,ybiV,ycaD
12,JW1338,JW1527,JW1686,JW1859,JW2704,JW1366,JW0213,JW0397,JW0566,JW0771,JW0817,JW0892
13,ydaO,ydeE,ydiP,yecO,pphB,stfR,yafJ,yajC,ybdG,ybhN,yliE,ycaL
14,JW5802,JW1636,JW1716,JW1860,JW2752,JW1540,JW0255,JW0432,JW0626,JW0772,JW0818,JW0931
15,ydbA,ydhJ,yniC,yecP,mazG,stfQ,afuB,ybaV,ybeD,ybhO,yliF,ycbY
0,JW5898,JW2124,JW2376,JW2615,JW0184,JW1823,JW2383,JW3402,JW0216,JW0474,JW0863,JW1403
1,yccW,yohD,yfdZ,yfjR,rof,yebT,ypdG,yhhW,dinJ,ybaS,macB,ydbC
2,JW0964,JW2125,JW2438,JW2619,JW0210,JW1936,JW2411,JW0005,JW0308,JW0534,JW0883,JW1446
3,yccC,yohF,eutJ,yfjU,ivy,dsrB,pdxK,yaaA,yahB,ybcM,ycaN,yncD
4,JW2032,JW2153,JW2516,JW5922,JW0436,JW2133,JW2422,JW0010,JW0309,JW0592,JW0884,JW1498
5,wcaJ,yeiC,yfhQ,ypjL,cof,yeiT,murP,yaaW,yahC,ybdH,ycaK,ydeS
6,JW2035,JW2160,JW2522,JW2705,JW0536,JW2164,JW2440,JW0065,JW0317,JW0645,JW0938,JW1505
7,wcaI,yeiQ,hcaE,ygbI,ninE,rtn,cchB,thiQ,yahK,hscC,ycbZ,ydeW
8,JW2045,JW2166,JW2546,JW2736,JW0600,JW5378,JW2441,JW0131,JW0360,JW0673,JW0967,JW1507
9,wzc,yejB,yfhL,ygcN,uspG,dedD,cchA,yadC,tauD,ybfF,ymcA,lsrC
10,JW2049,JW2168,JW2561,JW2737,JW0605,JW2314,JW2515,JW0137,JW0424,JW0735,JW1194,JW1508
11,asmA,yejF,yfiE,ygcO,citG,dedA,iscR,yadN,yajG,zitB,ychF,lsrD
12,JW2093,JW2243,JW2565,JW2781,JW0619,JW2318,JW2640,JW5892,JW0437,JW0835,JW1276,JW1509
13,yohM,yfaY,yfiF,csdA,crcB,flk,ygaU,yadB,ybaO,nfsA,yciT,lsrB
14,JW2118,JW2339,JW2586,JW2833,JW0697,JW2381,JW3067,JW0193,JW0443,JW0862,JW1372,JW1517
15,yehY,yfcY,yfiB,ygeR,ybgA,ypdE,yqjB,metQ,ybaY,macA,ydbK,yneH
0,JW1519,JW1639,JW1741,JW1968,JW0923,JW2329,JW0141,JW0786,JW3331,JW1627,JW2728,JW0274
1,yneJ,ydhF,ydjZ,erfK,ycbS,yfcO,dksA,ybiC,cysG,gst,ygcJ,yagN
2,JW1533,JW1649,JW1759,JW1983,JW0966,JW2479,JW2511,JW3547,JW1794,JW3914,JW2766,JW0302
3,ydfH,ydhP,ydjF,yeeR,yccZ,yfgC,hscB,yiaK,fadD,katG,ygdH,ykgH
4,JW1535,JW1672,JW1760,JW0054,JW1020,JW2618,JW0426,JW0505,JW0008,JW3879,JW2801,JW0498
5,ydfI,sufC,ydjG,djlA,csgG,yfjT,tig,allD,mog,sodA,ygdR,ybbV
6,JW1546,JW1688,JW1763,JW0173,JW1021,JW2876,JW1875,JW3976,JW4011,JW1648,JW2819,JW0507
7,ydfQ,ydiR,ydjJ,hlpA,csgF,pepP,tar,aceK,qor,sodB,ygeG,ylbE
8,JW1558,JW1689,JW1770,JW0521,JW1374,JW3183,JW5604,JW1772,JW4130,JW1638,JW2820,JW0532
9,flxA,ydiS,yeaE,sfmD,hslJ,yhcD,rep,yeaG,hfq,sodC,ygeH,ybcK
10,JW1588,JW1690,JW1779,JW0557,JW1677,JW3891,JW1849,JW1827,JW1667,JW1317,JW0207,JW0548
11,ynfM,ydiT,yeaM,nfrA,ydiJ,yiiQ,ruvB,pphA,lpp,tpx,yafU,ybcW
12,JW1592,JW1732,JW1836,JW0800,JW1956,JW4110,JW3786,JW3140,JW0599,JW1329,JW0222,JW0551
13,mdtJ,spy,yebF,ybiP,yodA,blc,uvrD,argG,ahpF,ogt,yafN,ybcY
14,JW1598,JW1739,JW1949,JW0849,JW2030,JW1092,JW1279,JW1241,JW3467,JW0217,JW0273,JW0552
15,folM,ydjX,yedS,ybjP,wcaK,ycfN,rnb,cls,gor,yafL,yagM,ylcE
0,JW0658,JW1147,JW1369,JW1742,JW2269,JW2802,JW2867,JW2895,JW2934,JW2990,JW3002,JW3027
1,miaB,elbA,ynaE,ynjA,yfbO,tas,yqfA,yggC,yqgA,ygiU,nudF,htrG
2,JW0676,JW1148,JW1466,JW1815,JW0601,JW2835,JW2868,JW2896,JW2935,JW5502,JW3006,JW3031
3,ybfP,ycgX,yddJ,yobG,ybdR,xdhB,yqfB,yggD,yghD,ygiV,ygiC,ygiH
4,JW0724,JW1152,JW1467,JW1918,JW1222,JW2841,JW2870,JW2897,JW2938,JW2992,JW3007,JW3035
5,ybgT,ymgA,yddK,yedN,rssA,hyuA,ygfF,yggF,yghG,ygiW,zupT,ygjE
6,JW0832,JW1153,JW1503,JW5912,JW1306,JW2843,JW2882,JW2921,JW2952,JW2995,JW3008,JW3040
7,ybjM,ymgB,ydeK,yedN,ycjQ,yqeB,yqfE,yggV,yghR,ygiZ,ygiE,ygjF
8,JW1045,JW1156,JW1557,JW1920,JW1765,JW2849,JW2887,JW2922,JW2954,JW2996,JW3011,JW3041
9,yceO,ymgF,ydfV,yedM,ydjL,xdhD,ygfH,yggW,yghT,mdaB,ygiL,yqjH
10,JW1123,JW1162,JW1635,JW1953,JW3109,JW2864,JW2889,JW2923,JW2966,JW2997,JW3022,JW3042
11,ymfD,ycgI,ydhI,yedX,agaD,ygfX,yggE,yggM,yghW,ygiN,yqiJ,yqjI
12,JW1128,JW1185,JW1713,JW1998,JW2261,JW2865,JW2890,JW2927,JW2970,JW2999,JW3023,JW3045
13,ymfH,ycgY,ydiZ,yeeZ,elaB,ygfY,argO,yggH,yghZ,yqiA,yqiK,ygjH
14,JW1130,JW1352,JW1719,JW2268,JW2262,JW2866,JW2891,JW2929,JW2985,JW3001,JW3026,JW5512
15,ymfJ,ydaS,ydjO,yfbN,elaA,ygfZ,mscS,yggX,sufI,yqiB,ygiF,ygjI
0,JW3050,JW3069,JW3114,JW3129,JW3164,JW3190,JW3231,JW3310,JW3339,JW3377,JW3430,JW3479
1,ygjJ,yqjD,yraK,yhbW,kdsD,yhcH,yhdU,slyX,yhfS,gntY,yhhF,hdeD
2,JW3051,JW3070,JW3116,JW3132,JW3165,JW3201,JW3235,JW3316,JW3344,JW3397,JW3432,JW3482
3,ygjK,yqjE,yraM,nlpI,kdsC,yhcM,yhdV,yheT,yhfX,yhgN,yhhM,mdtF
4,JW3053,JW3073,JW3118,JW3147,JW3170,JW3208,JW3241,JW3317,JW3351,JW3403,JW3433,JW3484
5,ygjM,yqjG,yraO,yhbY,yhbH,yhcO,yrdB,yheU,damX,yhhX,yhhN,gadX
6,JW3054,JW3074,JW3119,JW3151,JW3172,JW3209,JW3245,JW3318,JW3356,JW3405,JW3459,JW3486
7,ygjN,yhaH,yraP,yhbE,yhbJ,aaeB,smg,prkB,yrfB,yhhY,yhiN,yhjA
8,JW3057,JW3075,JW3120,JW3159,JW3174,JW3217,JW3255,JW3319,JW3357,JW3406,JW3463,JW3488
9,ygjQ,yhaI,yraQ,yrbC,yrbL,yhdE,yhdN,yhfA,yrfC,yhhZ,yhiP,yhjB
10,JW3060,JW3097,JW3123,JW3160,JW3182,JW3222,JW3305,JW3325,JW3360,JW3411,JW3466,JW3490
11,sstT,garD,yhbP,yrbD,yhcA,yhdH,yheL,yhfG,nudE,yrhB,yhiR,yhjD
12,JW3061,JW3099,JW3124,JW3161,JW3188,JW3225,JW3306,JW3327,JW3365,JW3413,JW3475,JW3491
13,ygjV,yhaV,yhbQ,yrbE,yhcF,yhdT,yheM,tsgA,yhgE,yhhA,yhiF,yhjE
14,JW3066,JW3111,JW3125,JW3163,JW3189,JW3228,JW3307,JW3332,JW3374,JW3424,JW3478,JW3503
15,yqjA,yraH,yhbS,yrbG,yhcG,dusB,yheN,yhfL,yhgA,yhhK,hdeA,yhjR
0,JW3506,JW3546,JW3576,JW3652,JW3692,JW3779,JW3843,JW3859,JW3916,JW3983,JW4008,JW4029
1,bcsG,yiaJ,yibT,yidH,yieG,cyaY,yihL,yiiD,yijF,yjbD,yjbM,yjcH
2,JW3508,JW3549,JW3577,JW3653,JW3693,JW3783,JW3844,JW3867,JW3927,JW3986,JW4017,JW4039
3,yhjV,yiaM,yibL,yidI,yieH,yigA,yihM,yiiG,yijP,yjbE,yjbQ,yjcO
4,JW3519,JW3551,JW3619,JW3654,JW3694,JW3785,JW3845,JW3871,JW3936,JW3988,JW4018,JW4041
5,yiaC,yiaO,yicC,yidJ,yieI,yigB,yihN,frvA,yijD,yjbG,yjbR,yjcP
6,JW5657,JW3558,JW3630,JW3655,JW3695,JW3790,JW3846,JW3886,JW5548,JW3989,JW4022,JW4043
7,yiaD,yiaV,yicH,yidK,cbrC,yigF,ompL,fieF,nudC,yjbH,yjcC,yjcR
8,JW3524,JW3559,JW3633,JW3674,JW3733,JW3809,JW3849,JW3892,JW3963,JW3990,JW4025,JW4069
9,yiaG,yiaW,setC,yidA,hsrA,rmuC,yihQ,yiiR,yjaG,yjbA,yjcD,phnA
10,JW3532,JW3568,JW5965,JW3688,JW3737,JW3830,JW3850,JW3893,JW3965,JW3998,JW4026,JW4070
11,ysaB,yibA,yicS,mdtL,yifE,yihD,yihR,yiiS,yjaH,yjbI,yjcE,yjdA
12,JW3533,JW3570,JW3640,JW3690,JW3738,JW3834,JW3852,JW3899,JW3972,JW4005,JW4027,JW4076
13,yiaH,yibG,ade,yieE,yifB,yihG,yihT,yiiU,yjaB,yjbJ,yjcF,adiC
14,JW5653,JW3571,JW3651,JW3691,JW5597,JW3837,JW3853,JW3908,JW3982,JW4007,JW4028,JW4082
15,bax,yibH,yidG,yieF,rffC,yihI,yihU,yiiX,yjbC,yjbL,actP,yjdF
0,JW4087,JW4120,JW4143,JW4175,JW4206,JW4269,JW4304,JW4354,JW1048,JW1850,JW4019,JW0046
1,yjdI,yjeP,yjfM,ytfJ,yjgH,yjhQ,yjiS,yjjK,dinI,ruvA,uvrA,kefC
2,JW4088,JW4124,JW4144,JW4179,JW4207,JW5968,JW4316,JW4365,JW1100,JW1852,JW4128,JW0102
3,yjdJ,yjeS,yjfC,ytfM,yjgI,yjhX,yjiX,yjjY,mfd,ruvC,mutL,hofC
4,JW4089,JW4134,JW4148,JW4180,JW4212,JW4271,JW4336,JW4366,JW1173,JW1854,JW4159,JW0103
5,yjdK,yjeT,yjfP,ytfN,yjgD,yjhR,yjjG,yjtD,umuC,nudB,priB,hofB
6,JW4091,JW4136,JW4149,JW4181,JW4220,JW4288,JW4340,JW0387,JW1343,JW1944,JW4216,JW0108
7,yjdL,yjeB,ulaR,ytfP,yjgR,yjiC,yjjU,sbcC,recT,dcm,holC,aroP
8,JW4101,JW4138,JW4157,JW4182,JW4258,JW4292,JW4342,JW0456,JW1355,JW2053,JW4312,JW0123
9,yjeH,rlmB,yjfY,yzfA,yjhF,yjiG,yjjW,priC,ydaV,alkA,hsdM,yadG
10,JW4105,JW4139,JW4162,JW4186,JW4259,JW4299,JW4343,JW0461,JW1602,JW2200,JW4314,JW0147
11,yjeJ,yjfI,yjfZ,ytfQ,yjhG,yjiN,yjjI,recR,tus,alkB,mrr,fhuC
12,JW4118,JW4140,JW4167,JW4193,JW4261,JW4300,JW4348,JW0674,JW1752,JW3835,JW0018,JW0148
13,yjeN,yjfJ,ytfE,yjgA,yjhI,yjiO,yjjJ,seqA,topB,polA,nhaA,fhuD
14,JW4119,JW4141,JW4169,JW4205,JW4268,JW4303,JW4350,JW0698,JW1831,JW4004,JW0044,JW0149
15,yjeO,yjfK,ytfG,pyrL,yjhP,yjiR,ytjB,phr,holE,dinF,yaaU,fhuB
0,JW0195,JW0441,JW0579,JW0232,JW0854,JW1255,JW1392,JW2001,JW2326,JW2581,JW3242,JW5606
1,metN,amtB,fepE,proB,ltaE,trpD,paaJ,hisG,aroC,tyrA,aroE,ilvE
2,JW0327,JW0451,JW0580,JW0233,JW0890,JW1256,JW1394,JW2002,JW2337,JW2582,JW3322,JW3745
3,codB,acrB,fepC,proA,serC,trpE,paaX,hisD,sixA,aroF,argD,ilvA
4,JW0332,JW0454,JW0002,JW0253,JW0891,JW1295,JW1576,JW2003,JW2370,JW2786,JW5652,JW3805
5,cynX,kefA,thrB,mmuM,aroA,puuE,speG,hisC,oxc,argA,avtA,metE
6,JW0358,JW0473,JW0036,JW0266,JW0911,JW1383,JW1694,JW2007,JW2407,JW2806,JW3582,JW3841
7,tauB,copA,caiC,argF,aspC,paaA,aroH,hisF,cysK,lysA,cysE,glnA
8,JW0359,JW0475,JW0070,JW0377,JW0989,JW1384,JW1733,JW2008,JW2414,JW2839,JW3645,JW3910
9,tauC,ybaT,leuD,proC,wrbA,paaB,astE,hisI,cysM,ygeX,ilvN,metB
10,JW0386,JW0479,JW0071,JW0379,JW1046,JW1385,JW1734,JW2028,JW2535,JW2880,JW3646,JW3929
11,araJ,ybbL,leuC,aroL,solA,paaC,astB,wcaM,glyA,serA,ilvB,argE
12,JW0391,JW0484,JW0073,JW0381,JW1252,JW1387,JW1736,JW2029,JW2537,JW2975,JW3722,JW3932
13,brnQ,ybbA,leuA,aroM,trpA,paaE,astA,wcaL,glnB,metC,asnA,argH
14,JW0438,JW0576,JW0077,JW0593,JW1253,JW1391,JW1789,JW2043,JW2580,JW3194,JW3742,JW3973
15,mdlA,fes,ilvH,ybdL,trpB,paaI,yeaU,wcaB,pheA,nanA,ilvM,metA
0,JW3979,JW0129,JW0733,JW0767,JW1389,JW2186,JW2558,JW3198,JW3953,JW0372,JW1022,JW1063
1,metH,panC,nadA,moaD,paaG,ccmD,nadB,sspA,thiH,ddlA,csgE,flgE
2,JW3984,JW0130,JW0757,JW0768,JW1628,JW2187,JW2566,JW3323,JW3957,JW0431,JW1024,JW1064
3,lysC,panB,bioA,moaE,pdxY,ccmC,trxC,pabA,thiE,ppiD,csgB,flgF
4,JW4013,JW0415,JW0758,JW0810,JW1801,JW2188,JW2663,JW3775,JW3958,JW0519,JW1025,JW1065
5,alr,panE,bioB,moeB,pabB,ccmB,gshA,hemX,thiC,sfmA,csgA,flgG
6,JW4014,JW0578,JW0759,JW0811,JW1969,JW2255,JW2783,JW5581,JW4349,JW0520,JW1057,JW1067
7,tyrB,entF,bioF,moeA,cobT,menE,ygdL,ubiE,lplA,sfmC,flgN,flgI
8,JW4351,JW0585,JW0760,JW0833,JW1970,JW2256,JW2857,JW3820,JW0135,JW0628,JW1059,JW1068
9,serB,entC,bioC,grxA,cobS,menC,idi,fre,htrE,rlpA,flgA,flgJ
10,JW4355,JW0586,JW0761,JW0914,JW1971,JW2317,JW2863,JW3900,JW0192,JW0707,JW1060,JW1069
11,slt,entE,bioD,pncB,cobU,pdxB,fldB,rraA,rcsF,ybgP,flgB,flgK
12,JW0051,JW0587,JW0765,JW1331,JW2041,JW2429,JW2874,JW3901,JW0230,JW0709,JW1061,JW1093
13,pdxA,entB,moaB,abgB,wcaD,hemF,visC,menA,crl,ybgD,flgC,nagZ
14,JW0105,JW0623,JW0766,JW1388,JW2091,JW2548,JW2914,JW3942,JW0231,JW0922,JW1062,JW1496
15,nadC,lipA,moaC,paaF,thiM,pdxJ,gshB,coaA,phoE,ycbR,flgD,ydeQ
0,JW1500,JW1880,JW1925,JW2020,JW3175,JW3605,JW3770,JW0013,JW1165,JW1720,JW2465,JW3286
1,hipA,flhC,fliI,wbbH,mtgA,rfaP,rffM,dnaK,minC,cedA,bcp,gspC
2,JW1633,JW1905,JW1927,JW2022,JW3594,JW3606,JW4097,JW0014,JW1236,JW1721,JW2510,JW3288
3,slyB,fliY,fliK,rfbX,rfaD,rfaG,cutA,dnaJ,oppB,katE,hscA,gspE
4,JW1660,JW1908,JW1928,JW2163,JW3595,JW3607,JW4103,JW0303,JW1239,JW1873,JW2654,JW3289
5,ydhU,fliC,fliL,spr,rfaF,rfaQ,groL,betA,oppF,cheR,proX,gspF
6,JW1698,JW1909,JW1929,JW2336,JW3597,JW3758,JW4192,JW0304,JW1275,JW1876,JW2764,JW3290
7,nlpC,fliD,fliM,yfcV,rfaL,rfe,mpl,betB,osmB,cheW,syd,gspG
8,JW1728,JW1910,JW1930,JW2428,JW3600,JW5600,JW4277,JW0462,JW1283,JW1878,JW2861,JW3291
9,osmE,fliS,fliN,amiA,rfaY,rffE,fimA,htpG,sapF,motB,dsbC,gspH
10,JW1844,JW1911,JW1932,JW2601,JW3601,JW5599,JW4279,JW0598,JW1417,JW1879,JW2988,JW3293
11,lpxM,fliT,fliP,smpB,rfaJ,rffD,fimC,ahpC,trg,motA,ygiS,gspJ
12,JW1868,JW1922,JW1933,JW2982,JW3602,JW5598,JW4281,JW0941,JW1477,JW1886,JW3142,JW3294
13,flhA,fliF,fliQ,yqhH,rfaI,rffG,fimF,sulA,osmC,otsB,secG,gspK
14,JW1869,JW1923,JW1935,JW3112,JW3604,JW3763,JW4283,JW0985,JW1561,JW2183,JW3146,JW3309
15,flhB,fliG,rcsA,yraI,rfaS,rffH,fimH,cbpA,dicC,ccmG,rrmJ,fkpA
0,JW3324,JW0330,JW0680,JW1310,JW2023,JW2233,JW2732,JW2873,JW3181,JW3773,JW4033,JW4224
1,fic,cynT,speF,ycjU,rfbC,glpQ,cysH,gcvT,gltF,aslA,nrfC,idnD
2,JW3513,JW0331,JW0808,JW1594,JW2024,JW2363,JW2733,JW2905,JW3192,JW3794,JW4034,JW4225
3,dppA,cynS,ybiY,pntB,rfbA,dsdA,cysI,speA,nanE,pldA,nrfD,idnK
4,JW3584,JW0469,JW0963,JW1595,JW2025,JW2487,JW2734,JW2924,JW3300,JW5584,JW4036,JW4285
5,secB,ushA,appA,pntA,rfbD,ppx,cysJ,ansB,chiA,pldB,nrfF,uxuA
6,JW3684,JW0495,JW0987,JW1611,JW2026,JW2525,JW2759,JW2946,JW3414,JW3913,JW4037,JW4286
7,trmE,gcl,agp,hdhA,rfbB,hcaB,gudX,glcD,ugpQ,metF,nrfG,uxuB
8,JW0116,JW0510,JW0999,JW1643,JW2027,JW2636,JW2768,JW2947,JW3553,JW4053,JW4040,JW0035
9,speD,ybcF,putA,gloA,galF,gabD,sdaB,glcC,sgbH,phnP,fdhF,caiD
10,JW0181,JW0661,JW1005,JW1756,JW2033,JW2720,JW2842,JW2956,JW3591,JW3866,JW4198,JW0039
11,ldcC,nagD,phoH,ansA,cpsG,cysC,yqeA,gss,tdh,fdhD,treC,caiT
12,JW0202,JW0663,JW1178,JW1803,JW2037,JW2721,JW2871,JW2972,JW3592,JW3895,JW4222,JW0041
13,gloB,nagA,dadA,sdaA,fcl,cysN,gcvP,yghA,kbl,fpr,idnT,fixB
14,JW0315,JW0664,JW1179,JW2010,JW2038,JW2722,JW2872,JW3143,JW5594,JW4031,JW4223,JW0042
15,yahI,nagB,dadX,ugd,gmd,cysD,gcvH,glmM,aslB,nrfA,idnO,fixC
0,JW0408,JW1653,JW3889,JW0155,JW0466,JW0704,JW5727,JW0212,JW0567,JW0955,JW1217,JW1462
1,pgpA,cfa,cdh,pfs,gsk,nei,phnK,lpcA,nfnB,hyaB,narJ,narY
2,JW0442,JW2031,JW4002,JW0156,JW0494,JW0762,JW4060,JW0336,JW0606,JW0956,JW1218,JW1463
3,tesB,wzxC,dgkA,dgt,allR,uvrB,phnI,lacI,citX,hyaC,narI,narZ
4,JW0465,JW2218,JW4030,JW0178,JW0500,JW0871,JW4062,JW0338,JW0609,JW0958,JW1224,JW1470
5,aes,atoB,acs,rnhB,allB,trxB,phnG,mhpA,citD,hyaE,galU,fdnG
6,JW0975,JW2433,JW0028,JW0204,JW0511,JW0893,JW4092,JW0342,JW0740,JW0959,JW1293,JW1472
7,ymcE,eutC,rihC,rnhA,purK,cmk,cadA,mhpF,galK,hyaF,puuC,fdnI
8,JW1077,JW2804,JW0031,JW0228,JW0512,JW0928,JW4172,JW0343,JW0741,JW0981,JW1412,JW1512
9,fabH,aas,carB,gpt,purE,pyrD,cysQ,mhpE,galT,torC,aldA,tam
10,JW1081,JW3314,JW0048,JW0328,JW0602,JW1049,JW0043,JW0347,JW0742,JW0982,JW1439,JW1514
11,fabF,kefG,apaH,codA,rnk,pyrC,fixX,frmA,galE,torA,ydcW,uxaB
12,JW1263,JW3765,JW0050,JW0388,JW0603,JW1220,JW0045,JW0393,JW0879,JW1051,JW1460,JW1579
13,yciK,rffA,ksgA,sbcD,rna,purU,kefF,malZ,dmsC,grxB,narV,ynfE
14,JW1532,JW3766,JW0101,JW0412,JW0646,JW1226,JW0142,JW0448,JW0954,JW1184,JW1461,JW1581
15,ydfG,wzxE,guaC,xseB,rihA,tdk,sfsA,maa,hyaA,ymgE,narW,ynfG
0,JW1605,JW1792,JW2120,JW2194,JW2439,JW2675,JW2697,JW3033,JW3328,JW3391,JW3543,JW5578
1,manA,yeaX,bglX,napA,eutE,gutM,hypB,ttdA,nirB,glgP,malS,fadA
2,JW1608,JW1816,JW2155,JW2196,JW2509,JW5433,JW2698,JW3034,JW3329,JW3392,JW3545,JW3822
3,uidB,kdgR,fruK,napF,fdx,hypF,hypC,ttdB,nirD,glgA,yiaI,fadB
4,JW1609,JW1839,JW2182,JW2215,JW2523,JW2683,JW2699,JW5511,JW3342,JW3394,JW3552,JW3862
5,uidA,eda,ccmH,atoD,hcaF,hydN,hypD,ebgA,php,glgX,lyxK,fdhE
6,JW1614,JW1840,JW2184,JW2216,JW2524,JW2686,JW2811,JW3048,JW3352,JW3395,JW3574,JW3863
7,malY,edd,ccmF,atoA,hcaC,ascB,kduI,ebgC,aroB,glgB,mtlD,fdoI
8,JW1620,JW1862,JW2185,JW2235,JW2526,JW2689,JW2884,JW3052,JW3379,JW3487,JW3579,JW3865
9,rsxB,torY,ccmE,glpA,hcaD,hycG,yliK,fadH,malQ,treF,lldR,fdoG
10,JW1622,JW1912,JW2190,JW2236,JW2536,JW2690,JW2962,JW3062,JW5687,JW3536,JW3585,JW1344
11,rsxD,amyA,napC,glpB,hmp,hycF,hybC,uxaA,glpG,xylB,grxC,recE
12,JW1624,JW2039,JW2192,JW2237,JW2648,JW2691,JW2965,JW3063,JW3388,JW3537,JW3699,JW1615
13,rsxE,wcaF,napH,glpC,nrdH,hycE,hybO,uxaC,glpE,xylA,bglB,add
14,JW1723,JW2075,JW2193,JW2436,JW2674,JW2696,JW2978,JW3155,JW3389,JW3541,JW3731,JW1625
15,chbF,gatD,napG,eutH,srlD,hypA,yqhD,sfsB,glpD,xylR,rbsK,nth
0,JW1738,JW2171,JW2576,JW3857,JW4313,JW0979,JW2231,JW3661,JW0221,JW0665,JW0769,JW0841
1,xthA,rsuA,rluD,rbn,hsdR,torT,inaA,yidP,dinB,nagE,ybhL,potI
2,JW1748,JW2397,JW2650,JW3969,JW4344,JW1145,JW2452,JW3702,JW0582,JW0679,JW0794,JW0845
3,nudG,xapB,nrdE,purD,deoC,mcrA,aegA,phoU,fepD,potE,glnQ,artM
4,JW1793,JW2398,JW2651,JW4135,JW4345,JW1149,JW2755,JW3778,JW0584,JW0684,JW0795,JW0846
5,rnd,xapA,nrdF,purA,deoA,ycgE,relA,cyaA,fepB,kdpC,glnP,artQ
6,JW1963,JW2484,JW2788,JW4171,JW4347,JW1313,JW2837,JW3926,JW0604,JW0686,JW0796,JW0847
7,amn,purM,recB,cpdB,deoD,ycjW,ygeV,yijO,citT,kdpA,glnH,artI
8,JW2050,JW2485,JW2809,JW4196,JW0298,JW1379,JW3032,JW3977,JW0622,JW0734,JW0804,JW0848
9,dcd,purN,araE,nrdG,ykgD,feaR,ygiP,arpA,tatE,pnuC,ybiT,artP
10,JW2131,JW2493,JW2860,JW4197,JW0440,JW1382,JW3076,JW4068,JW0647,JW0744,JW0815,JW0887
11,cdd,xseA,recJ,nrdD,glnK,maoC,yhaJ,phnB,gltL,modE,yliC,focA
12,JW2146,JW2541,JW2912,JW4203,JW0476,JW1556,JW3197,JW4360,JW0648,JW0747,JW0826,JW0916
13,nfo,purL,endA,pyrI,cueR,relB,sspB,creA,gltK,modB,cmr,ssuB
14,JW2149,JW2553,JW3617,JW4204,JW0492,JW2115,JW3212,JW0205,JW0649,JW0748,JW0838,JW0932
15,rihB,lepA,pyrE,pyrB,ybbS,mlrA,aaeR,dnaQ,gltJ,modC,potF,uup
0,JW0953,JW1207,JW1304,JW1480,JW1699,JW1806,JW1962,JW3658,JW3789,JW3991,JW4066,JW4201
1,yccA,chaA,ycjO,ddpC,btuD,manX,shiA,glvG,corA,xylE,phnD,mgtA
2,JW1001,JW1208,JW1305,JW1481,JW1700,JW1808,JW2076,JW3659,JW3878,JW3992,JW4072,JW4247
3,putP,chaB,ycjP,ddpB,btuE,manZ,gatC,glvB,rhaT,malG,proP,fecE
4,JW1040,JW1238,JW1311,JW1487,JW1701,JW1848,JW2085,JW3700,JW3888,JW3993,JW4081,JW4249
5,mdtG,oppD,ycjV,gadC,btuC,znuB,yegT,bglF,sbp,malF,melB,fecC
6,JW1087,JW1242,JW1358,JW1490,JW1718,JW1888,JW2117,JW3704,JW3898,JW3994,JW4084,JW4251
7,ptsG,kch,trkG,yddB,ydjN,araG,yehX,pstA,glpF,malE,dcuB,fecA
8,JW1109,JW1284,JW1436,JW1506,JW1725,JW1889,JW2135,JW3705,JW3921,JW3995,JW4093,JW4264
9,potD,sapD,ydcT,ego,chbA,araF,mglC,pstC,frwC,malK,cadB,sgcA
10,JW1110,JW1285,JW1438,JW1521,JW1726,JW1893,JW2136,JW3706,JW3922,JW4038,JW4166,JW4284
11,potC,sapC,ydcV,ydeA,chbC,ftn,mglA,pstS,frwB,gltP,cycA,gntP
12,JW1112,JW1286,JW1478,JW1597,JW1727,JW1895,JW2137,JW3728,JW3925,JW4047,JW4168,JW4331
13,potA,sapB,ddpF,ydgI,chbB,tyrP,mglB,rbsA,frwD,alsC,ytfF,fhuF
14,JW1175,JW1287,JW1479,JW1613,JW1758,JW1903,JW2143,JW3729,JW3938,JW4049,JW4199,JW4363
15,nhaB,sapA,ddpD,malX,ydjE,yecS,lysP,rbsC,btuB,alsB,treB,creD
0,JW0024,JW0936,JW1811,JW2472,JW2362,JW2415,JW2531,JW2767,JW2973,JW3110,JW3251,JW3416
1,ileS,rmf,rrmA,hyfG,dsdX,cysA,yphE,sdaC,exbD,agaI,trkA,ugpE
2,JW0226,JW1053,JW2173,JW2473,JW2380,JW2417,JW2638,JW2772,JW2974,JW3130,JW3252,JW3417
3,prfH,rimJ,rplY,hyfH,ypdD,cysU,gabP,fucP,exbB,mtr,mscL,ugpA
4,JW0395,JW1072,JW2249,JW2154,JW2388,JW2418,JW2652,JW2797,JW3064,JW3162,JW3298,JW3418
5,queA,rluC,yfbG,fruA,mntH,cysP,proV,ptsP,exuT,yrbF,bfr,ugpB
6,JW0396,JW1075,JW2315,JW2156,JW2389,JW2454,JW2653,JW2813,JW3101,JW3168,JW3313,JW3420
7,tgt,rpmF,truA,fruB,nupC,acrD,proW,yqeG,kbaZ,yhbG,kefB,livG
8,JW0514,JW1423,JW2467,JW2199,JW2406,JW2477,JW2673,JW2850,JW3105,JW3171,JW3315,JW3421
9,ppiB,rimL,hyfB,yojI,cysZ,focB,srlB,ygfO,agaS,ptsN,yheS,livM
10,JW0836,JW5962,JW2469,JW2217,JW2408,JW2478,JW5435,JW2900,JW3106,JW3173,JW3371,JW3422
11,rimK,sra,hyfD,atoE,ptsH,yfgO,ascF,cmtA,kbaY,npr,feoA,livH
12,JW0843,JW1707,JW2470,JW2303,JW2409,JW2482,JW2710,JW2901,JW3107,JW3196,JW3372,JW3423
13,rumB,rpmI,hyfE,hisP,ptsI,uraA,ygbN,cmtB,agaB,dcuD,feoB,livK
14,JW0868,JW1753,JW2471,JW2306,JW2410,JW2530,JW2760,JW2955,JW3108,JW3250,JW5690,JW3441
15,aat,selD,hyfF,hisJ,crr,yphD,gudP,pitB,agaC,rsmB,gntT,nikA
0,JW3443,JW3538,JW0067,JW0597,JW1111,JW1380,JW1870,JW2006,JW2416,JW2639,JW3065,JW3176
1,nikC,xylF,tbpA,dsbG,potB,feaB,cheZ,hisA,cysW,csiR,exuR,elbB
2,JW3444,JW3539,JW0076,JW0608,JW1119,JW1420,JW1887,JW2100,JW2434,JW2735,JW5806,JW3193
3,nikD,xylG,ilvI,citE,trmU,mdoD,araH,mrp,eutB,ygcM,tdcD,nanT
4,JW3445,JW3540,JW0254,JW0610,JW1144,JW5907,JW1898,JW2240,JW2437,JW2847,JW3091,JW3216
5,nikE,xylH,afuC,citC,pin,yncB,uvrC,yfaV,eutG,ssnA,yhaB,rng
6,JW3496,JW3573,JW0340,JW0743,JW1254,JW1474,JW1906,JW2254,JW2464,JW2869,JW3102,JW3226
7,dctA,mtlA,mhpC,modF,trpC,adhP,fliZ,pmrD,gcvR,bglA,agaV,panF
8,JW3509,JW3628,JW0357,JW0780,JW1289,JW1492,JW1924,JW2260,JW2466,JW2913,JW3126,JW3253
9,dppF,gltS,tauA,ybiH,puuP,ydeM,fliH,menF,hyfA,yggJ,yhbT,yhdL
10,JW3510,JW3629,JW0374,JW0844,JW1296,JW1833,JW1934,JW2263,JW2475,JW2915,JW3144,JW3312
11,dppD,yicE,phoA,artJ,pspF,exoX,fliR,elaC,hyfJ,yqgE,folP,yheV
12,JW3511,JW3641,JW0418,JW0919,JW1302,JW1861,JW1993,JW2345,JW2483,JW2926,JW3148,JW3330
13,dppC,uhpT,cyoE,ssuA,ycjM,torZ,sbcB,intS,upp,yggL,greA,nirC
14,JW3512,JW0033,JW0499,JW1039,JW1322,JW1863,JW2004,JW2375,JW2598,JW2932,JW3157,JW3333
15,dppB,caiF,ybbW,msyB,mppA,cutC,hisB,ddg,smpA,nupG,yrbA,frlA
0,JW2667,JW3563,JW4090,JW0406,JW3000,JW0106,JW0468,JW0720,JW1126,JW1345,JW1549,JW2067
1,alaS,selB,lysU,nusB,cpdA,ampD,fsr,mngA,intE,racC,cspB,ogrK
2,JW2713,JW3564,JW4107,JW0538,JW3385,JW0107,JW0496,JW0727,JW1127,JW1381,JW1550,JW2132
3,pcm,selA,efp,rusA,rtcR,ampE,hyi,tolQ,ymfG,tynA,cspF,sanA
4,JW2858,JW3611,JW4129,JW0781,JW3468,JW0275,JW0526,JW0728,JW1297,JW1425,JW1573,JW2141
5,lysS,rpmG,miaA,rhlE,arsR,intF,ybcC,tolR,pspA,tehA,rspA,yeiG
6,JW3025,JW3815,JW4158,JW0983,JW3756,JW0316,JW0531,JW0864,JW1298,JW1426,JW1642,JW2197
7,glnE,tatC,rpsF,torD,rho,yahJ,emrE,cspD,pspB,tehB,nemA,eco
8,JW3227,JW3858,JW4161,JW1586,JW4178,JW0346,JW0544,JW0918,JW1299,JW1458,JW1670,JW2246
9,prmA,dtd,rplI,dgsA,msrA,frmB,ybcS,ssuD,pspC,nhoA,sufS,ais
10,JW3261,JW3907,JW4194,JW2088,JW4262,JW0368,JW0546,JW0933,JW1300,JW1525,JW1812,JW2310
11,rpmJ,rpmE,pmbA,yegW,sgcR,sbmA,borD,pqiA,pspD,marB,cspC,cvpA
12,JW3311,JW3946,JW4333,JW2554,JW4359,JW0423,JW0558,JW0934,JW1301,JW1538,JW1884,JW2364
13,slyD,rplK,rsmC,rseC,rob,ampG,nfrB,pqiB,pspE,pinQ,yecG,emrY
14,JW3326,JW4050,JW4335,JW2555,JW0052,JW0445,JW0590,JW0974,JW1339,JW1544,JW2046,JW2365
15,ppiA,rpiR,rimI,rseB,surA,ybaA,cstA,cspG,intR,cspI,wzb,emrK
0,JW2480,JW3024,JW3525,JW3469,JW3662,JW3911,JW4100,JW4338,JW4156,JW4327,JW1926,JW2468
1,yfgD,rfaE,cspA,arsB,yidE,metL,fxsA,osmY,ulaF,yjjB,fliJ,hyfC
2,JW2513,JW3234,JW3664,JW3493,JW3663,JW3955,JW4108,JW4341,JW4184,JW4329,JW1037,JW1142
3,iscU,acrF,ibpA,yhjH,ibpB,thiS,ecnB,yjjV,chpB,yjjQ,mdoH,tfaE
4,JW2602,JW3348,JW3894,JW3499,JW3675,JW3956,JW4122,JW4046,JW4265,JW0003,JW1237,JW0291
5,intA,gph,yiiT,bcsZ,yidB,thiF,rsgA,alsE,sgcQ,thrC,oppC,eaeH
6,JW2660,JW3363,JW3952,JW3534,JW3686,JW3978,JW4127,JW4111,JW4266,JW0660,JW2442,JW0657
7,emrA,hslR,htrC,yiaA,tnaA,iclR,amiB,ampC,sgcC,asnB,eutI,ybeZ
8,JW2661,JW3440,JW3369,JW3561,JW3725,JW4032,JW4208,JW4152,JW3071,JW0737,JW0482,JW0857
9,emrB,acpT,greB,aldB,yieN,nrfB,yjgJ,ulaB,yqjK,aroG,ybbO,hcp
10,JW2714,JW3461,JW3370,JW3620,JW3813,JW4035,JW4248,JW4153,JW3590,JW0127,JW2090,JW1035
11,surE,yhiO,yhgF,dinD,tatA,nrfE,fecD,ulaC,yibD,panD,thiD,mdoG
12,JW2753,JW3462,JW3415,JW3621,JW3838,JW4042,JW4250,JW4154,JW3634,JW3961,JW0565,JW1209
13,chpA,uspA,ugpC,yicG,hemN,yjcQ,fecB,ulaD,yicL,hemE,pheP,chaC
14,JW2836,JW3470,JW3425,JW3627,JW3897,JW4099,JW5967,JW4155,JW4236,JW1248,JW0669,JW1484
15,xdhC,arsC,livJ,recG,glpK,aspA,sgcB,ulaE,yjgZ,ompW,fur,dos
0,JW1571,JW2910,JW3095,JW3457,JW3741,JW3831,JW4211,JW1257,JW3685,JW5018,JW5061,JW5118
1,intQ,galP,garL,yhiL,ilvG,yihE,argI,trpL,tnaC,mltD,mdlB,dmsA
2,JW1710,JW2925,JW3096,JW3471,JW3747,JW3832,JW4227,JW1390,JW3739,JW5027,JW5072,JW5121
3,arpB,yggN,garP,yhiS,ilvC,dsbA,intB,paaH,ilvL,mmuP,sfmF,ssuC
4,JW2074,JW2976,JW3103,JW3526,JW3748,JW3848,JW4234,JW1607,JW3997,JW5034,JW5078,JW5122
5,gatR,yghB,agaW,hokA,ppiC,yihP,yjgX,uidC,malM,ykgM,nmpC,ycbQ
6,JW2102,JW3058,JW3179,JW3618,JW3749,JW3868,JW4242,JW1705,JW4233,JW5035,JW5087,JW5129
7,molR,ygjR,gltB,rph,yifO,frvR,yjhE,pheM,yjgW,ykgM,citF,mgsA
8,JW2514,JW3087,JW3184,JW3622,JW3750,JW3935,JW4302,JW2000,JW4246,JW5040,JW5092,JW5141
9,iscS,tdcC,yhcE,ligB,yifN,fabR,yjiQ,hisL,yjhV,ykgC,gltI,ycdN
10,JW2774,JW3088,JW3187,JW5937,JW3780,JW4065,JW0057,JW2579,JW5001,JW5046,JW5100,JW5156
11,fucK,tdcB,yhcE,ysdC,yzcX,phnE,rluA,pheL,htgA,mhpT,tolB,plsX
12,JW2886,JW3092,JW3236,JW3660,JW3781,JW4080,JW0687,JW2878,JW5004,JW5049,JW5104,JW5182
13,ygfG,yhaC,yhdW,glvC,yifL,melA,kdpF,zapA,caiE,ykiB,ybhF,dsbB
14,JW2906,JW3093,JW3449,JW3740,JW3803,JW4163,JW1219,JW3642,JW5011,JW5054,JW5117,JW5195
15,yqgB,garK,yhhH,ilvG,yigM,ytfA,tpr,uhpC,ligT,psiF,hcr,tonB
0,JW5199,JW5242,JW5271,JW5299,JW5915,JW5394,JW5449,JW5470,JW5492,JW5508,JW5527,JW5544
1,yciX,yddA,ydhX,yebQ,molR,ucpA,amiC,ygfU,yghU,yqiH,agaA,yhdX
2,JW5201,JW5244,JW5911,JW5313,JW5359,JW5397,JW5453,JW5473,JW5493,JW5510,JW5528,JW5545
3,puuA,yneL,yniD,yedO,yeiS,hda,yqeF,ygfB,hybF,ygjG,yraR,yhdY
4,JW5203,JW5251,JW5282,JW5913,JW5363,JW5399,JW5459,JW5479,JW5494,JW5513,JW5533,JW5546
5,ymjB,ynfO,astD,intG,bcr,yfgG,ygeM,yggU,hybB,ygjO,yhbC,zraP
6,JW5209,JW5254,JW5286,JW5316,JW5366,JW5401,JW5462,JW5482,JW5926,JW5514,JW5534,JW5547
7,sieB,ynfN,ynjD,fliO,ccmA,guaB,xdhA,speC,yghX,ygjP,yhbX,nfi
8,JW5218,JW5257,JW5290,JW5328,JW5367,JW5413,JW5463,JW5924,JW5496,JW5515,JW5538,JW5549
9,paaK,ynfP,ydjK,yoeF,napB,rimM,ygeW,yghE,yghY,alx,nanK,thiG
10,JW5225,JW5260,JW5293,JW5330,JW5368,JW5421,JW5464,JW5484,JW5499,JW5516,JW5539,JW5551
11,hokB,ynfF,yeaV,yeeF,yojL,ypjJ,yqeC,yghF,dkgA,yqjC,yhcB,sthA
12,JW5227,JW5261,JW5294,JW5331,JW5374,JW5425,JW5923,JW5490,JW5927,JW5519,JW5540,JW5553
13,yncK,ynfH,yeaW,yoeB,menD,ygaQ,ygfK,yghQ,ygiB,yhaO,yhcN,argB
14,JW5230,JW5264,JW5298,JW5343,JW5387,JW5446,JW5469,JW5491,JW5505,JW5526,JW5543,JW5555
15,yncN,ynfK,yobH,gatY,torI,exo,ygfT,yghS,yqiC,garR,yhdJ,ptsA
0,JW5557,JW5571,JW5609,JW5637,JW5654,JW5665,JW5676,JW5694,JW5705,JW5718,JW5736,JW5746
1,yijE,bipA,trkD,yicN,yiaB,bcsA,rbbA,yrfA,gspL,yjcB,yjeI,fklB
2,JW5560,JW5574,JW5611,JW5641,JW5655,JW5942,JW5677,JW5696,JW5706,JW5721,JW5737,JW5747
3,kdgT,yihF,atpI,ttk,yiaF,bcsC,yhhJ,yhfY,gspI,yjcS,ecnA,ytfH
4,JW5562,JW5580,JW5612,JW5643,JW5656,JW5943,JW5680,JW5697,JW5949,JW5729,JW5738,JW5749
5,frvB,tatB,yieL,yicR,tiaE,yhjK,yhhT,yhfU,yrdD,yjcZ,sugE,ytfK
6,JW5929,JW5588,JW5613,JW5644,JW5940,JW5668,JW5945,JW5698,JW5711,JW5730,JW5739,JW5753
7,yiiE,yigI,yieK,htrL,bisC,kdgK,yhhS,frlR,yjbF,eptA,yjeM,ytfT
8,JW5566,JW5589,JW5631,JW5645,JW5659,JW5669,JW5682,JW5700,JW5713,JW5731,JW5741,JW5754
9,yihX,rarD,cbrA,yibQ,yhjY,hdeB,dcrB,frlB,ubiC,adiA,rnr,yjfF
10,JW5567,JW5590,JW5633,JW5648,JW5660,JW5670,JW5683,JW5701,JW5714,JW5732,JW5743,JW5756
11,yihW,yigG,yidQ,yiaY,eptB,yhiD,yhhL,yhfK,zur,yjdO,yjfO,yjgK
12,JW5568,JW5601,JW5634,JW5650,JW5663,JW5672,JW5691,JW5703,JW5950,JW5734,JW5744,JW5757
13,yihV,wzzE,emrD,sgbU,bcsF,yhiQ,gntX,yheO,yjbN,dipZ,ulaA,yjgL
14,JW5569,JW5605,JW5636,JW5651,JW5941,JW5674,JW5692,JW5704,JW5716,JW5735,JW5745,JW5758
15,yihS,ilvD,yicO,yiaN,yhjQ,yhiK,hslO,gspM,yjbO,dcuA,ytfB,yjgM
0,JW5759,JW5778,JW5793,JW4263,JW5501,JW5586,JW5708,JW5008,JW5020,JW5042,JW5062,JW5083
1,yjgN,yjhA,yjjN,sgcE,ygiQ,rhtC,smf,yacG,fadE,ykgG,ylaB,ybdF
2,JW5763,JW5779,JW5794,JW5429,JW5509,JW5591,JW5748,JW5010,JW5022,JW5893,JW5063,JW5086
3,yjgX,fimI,mdoB,srlA,yqiI,yigE,ytfI,yadD,yafX,yahH,ylaC,fepA
4,JW5764,JW5782,JW5795,JW5430,JW5518,JW5596,JW5752,JW5012,JW5023,JW5044,JW5066,JW5090
5,yjgX,yjiD,yjjA,srlE,yhaM,rffT,ytfR,clcA,ykfF,yahM,ybbM,ybeB
6,JW5768,JW5783,JW5796,JW5467,JW5520,JW5610,JW5954,JW5013,JW5030,JW5051,JW5070,JW5091
7,yjhB,yjiH,yjjP,ygfQ,tdcG,yieM,yjiV,cdaR,yagV,yaiU,ybcJ,ybeQ
8,JW5769,JW5784,JW5797,JW5477,JW5558,JW5627,JW5213,JW5014,JW5031,JW5053,JW5073,JW5094
9,yjhC,kptA,yjjZ,yggP,cpxP,dgoR,rzoR,yaeI,ykgK,yaiZ,fimZ,ybfG
10,JW5770,JW5785,JW5801,JW5925,JW5576,JW5628,JW5382,JW5016,JW5033,JW5056,JW5079,JW5095
11,yjhD,yjiL,yjjX,yghJ,trkH,dgoA,yfdI,yaeF,ykgL,yajI,rzpD,ybfH
12,JW5952,JW5786,JW0478,JW5487,JW5931,JW5629,JW5946,JW5017,JW5037,JW5058,JW5081,JW5096
13,yjhU,yjiM,ybbK,glcE,tatD,dgoD,gntR,yafD,ykgA,yajQ,ybcV,kdpE
14,JW5775,JW5791,JW2879,JW5500,JW5585,JW5699,JW5005,JW5019,JW5039,JW5059,JW5082,JW5098
15,yjhH,yjiY,ygfA,yqhG,rhtB,frlC,yabI,yafV,ykgI,yajR,cusS,ybgO
0,JW5099,JW5114,JW5130,JW5151,JW5166,JW5180,JW5202,JW5217,JW5177,JW5247,JW5265,JW5283
1,ybgQ,ybjK,yccU,yceK,ymfE,ycgN,ycjR,paaD,ymgD,yneI,ydgJ,ydjY
2,JW5102,JW5116,JW5131,JW5152,JW5168,JW5181,JW5205,JW5221,JW5237,JW5248,JW5267,JW5284
3,ybhT,ybjT,yccX,yceP,ymfI,hlyE,abgA,ydbD,yncM,marR,slyA,ynjB
4,JW5103,JW5120,JW5133,JW5153,JW5169,JW5185,JW5206,JW5224,JW5238,JW5249,JW5270,JW5285
5,ybhJ,ycaI,ymcD,flgH,ymfT,dhaH,ydaM,cybB,sfcA,marA,ydhO,ynjC
6,JW5105,JW5123,JW5136,JW5155,JW5172,JW5186,JW5207,JW5226,JW5239,JW5250,JW5272,JW5287
7,ybiX,ycbV,ymdF,yceF,stfE,dhaL,ydaQ,ydcI,bdm,eamA,ydhV,ynjE
8,JW5107,JW5124,JW5137,JW5157,JW5173,JW5187,JW5208,JW5228,JW5240,JW5252,JW5273,JW5288
9,ybiN,ycbF,ycdG,ycfM,icdC,dhaK,lar,ydcM,ddpA,ydfO,sufB,ynjI
10,JW5108,JW5126,JW5139,JW5158,JW5174,JW5196,JW5210,JW5229,JW5241,JW5253,JW5275,JW5289
11,ybiO,ycbX,ycdL,ycfP,ycgG,yciO,ydaG,ydcO,yddV,gnsB,ydiO,ydjH
12,JW5109,JW5127,JW5147,JW5159,JW5901,JW5197,JW5211,JW5232,JW5243,JW5255,JW5276,JW5291
13,fsaA,ymbA,ycdZ,ycfQ,ycgH,yciQ,ydaW,ydcX,ydeN,essQ,ydiQ,yeaJ
14,JW5113,JW5128,JW5150,JW5164,JW5178,JW5200,JW5216,JW5233,JW5245,JW5263,JW5280,JW5292
15,ybjI,yccS,ymdC,ymfA,ymgG,yciW,ydbL,yncA,yneE,clcB,pfkB,yeaP
0,JW5295,JW5308,JW5335,JW5349,JW5361,JW5381,JW5404,JW5418,JW5437,JW5455,JW5481,JW5805
1,yoaB,yecN,nudD,yehL,yeiW,yfcM,sseB,yfjO,rpoS,yqeJ,mltC,hyfI
2,JW5296,JW5309,JW5336,JW5350,JW5362,JW5384,JW5405,JW5419,JW5438,JW5456,JW5503,JW5803
3,yoaC,yecM,yegH,yehP,yeiP,yfdL,yphG,yfjP,ygbF,ygeI,tolC,ybhR
4,JW5300,JW5310,JW5338,JW5351,JW5371,JW5388,JW5406,JW5422,JW5440,JW5457,JW5531,JW5142
5,proQ,yecT,mdtA,yehR,yfaZ,ypdA,yphH,ypjA,ygcQ,pbl,deaD,ycdR
6,JW5301,JW5312,JW5339,JW5352,JW5372,JW5389,JW5407,JW5424,JW5444,JW5458,JW5577,JW5442
7,yebU,otsA,yegP,yehT,yfbE,ypdH,yfhK,ypjC,ygcE,ygeK,yigZ,ygcU
8,JW5302,JW5317,JW5340,JW5353,JW5373,JW5391,JW5408,JW5426,JW5445,JW5460,JW5707,JW5507
9,yebV,yodD,gatR,yehU,yfbJ,yfeA,yfhB,yqaC,ygcG,ygeN,gspD,yqiG
10,JW5303,JW5319,JW5344,JW5355,JW5376,JW5395,JW5409,JW5427,JW5450,JW5461,JW5776,JW5542
11,yebW,yedS,fbaB,pbpG,yfbT,yfeW,yfiP,ygaT,ygdB,ygeQ,sgcX,yhdP
12,JW5306,JW5323,JW5345,JW5356,JW5377,JW5400,JW5412,JW5428,JW5451,JW5475,JW5800,JW3566
13,yebB,yodB,yegX,yohC,yfcE,yfgH,yfiL,ygaY,ppdB,rpiA,nadR,rhsA
14,JW5307,JW5329,JW5346,JW5358,JW5380,JW5402,JW5415,JW5431,JW5454,JW5476,JW5441,JW0692
15,yecD,dacD,yohN,yohH,trmC,yfgJ,yfjD,gutQ,yqeH,ygfI,ygcR,ybfO
0,JW0689,JW1282,JW2729,JW0026,JW1464,JW5416,JW3350,JW0119,JW2335,JW1554,JW1407,JW1784
1,rhsC,ycjD,ygcK,fkpB,narU,recN,dam,cueO,yfcU,hokD,ynbC,yeaQ
2,JW1451,JW1822,JW0272,JW2875,JW5948,JW2703,JW3610,JW0969,JW0049,JW1555,JW1445,JW1965
3,rhsE,yebS,yagL,ubiH,yhfZ,mutS,mutM,ymcC,apaG,relE,yncC,yeeO
4,JW0696,JW2528,JW0746,JW2758,JW4064,JW2799,JW3626,JW5146,JW0617,JW1769,JW1449,JW2054
5,ybfD,yphB,modA,gudD,phnE,mutH,trmH,ycdW,crcA,yeaD,yncG,yegD
6,JW0194,JW0055,JW3381,JW4056,JW4367,JW2862,JW3677,JW1321,JW1055,JW1804,JW1495,JW2060
7,metI,yabP,malT,phnM,thrL,xerD,recF,ycjZ,mviM,yoaD,ydeP,mdtB
8,JW0323,JW0285,JW3386,JW3518,JW5076,JW2928,JW3718,JW1494,JW1347,JW0124,JW1528,JW1089
9,prpB,yagX,glpR,tag,ylcG,mutY,gidB,ydeO,kil,yadH,ydeH,hinT
10,JW1730,JW0345,JW1651,JW3530,JW5198,JW2987,JW3719,JW1504,JW1370,JW0196,JW1621,JW0700
11,ydjQ,yaiL,ydhB,glyS,yciX,parC,gidA,ydeV,uspF,gmhB,rsxC,ybgI
12,JW1780,JW0820,JW3384,JW1572,JW2549,JW3038,JW3720,JW2097,JW1536,JW0802,JW1668,JW1678
13,yeaN,yliH,rtcB,rspB,recO,dnaG,mioC,yehC,ydfJ,ybiR,ynhG,ydiK
14,JW0952,JW1948,JW3650,JW2505,JW2564,JW3284,JW3784,JW2333,JW1553,JW1096,JW1671,JW0261
15,yccK,yedS,yidF,sseA,ung,pioO,xerC,yfcS,rem,ycfJ,sufD,yagE
0,JW0262,JW1511,JW0450,JW1961,JW2056,JW2359,JW1568,JW2284,JW0859,JW2918,JW3390,JW3872
1,yagF,lsrG,ybaJ,yeeL,yegJ,yfdS,ydfE,lrhA,aqpZ,yggS,yzgL,yiiL
2,JW2162,JW1954,JW0487,JW1985,JW2057,JW2374,JW1591,JW2573,JW2343,JW2971,JW3480,JW3971
3,yeiU,yedY,ybbC,yeeT,yegK,yfdY,mdtI,clpB,vacJ,yqhA,gadE,yjaA
4,JW0533,JW1773,JW0620,JW1986,JW2098,JW2399,JW1813,JW0063,JW2817,JW3117,JW3483,JW3980
5,ybcL,yeaH,ybeH,yeeU,yehD,yfeN,yobF,araC,yqeK,yraN,gadW,yjbB
6,JW1229,JW2134,JW0774,JW1987,JW2157,JW2490,JW0718,JW0719,JW2831,JW3178,JW3492,JW4272
7,ychE,yeiA,ybhQ,yeeV,setB,yfgI,sucD,mngR,ygeP,yhcC,yhjG,yjhS
8,JW0320,JW0134,JW0899,JW2016,JW2291,JW2607,JW1095,JW2779,JW2400,JW3221,JW3548,JW4295
9,yahN,yadM,ycaQ,wbbL,yfbU,yfjJ,ndh,gcvA,yfeR,yhdA,yiaL,yjiJ
10,JW0265,JW0258,JW1135,JW2017,JW2331,JW5921,JW0799,JW3876,JW2845,JW3337,JW3565,JW4310
11,yagI,ykgN,ymfN,wbbK,yfcQ,yfjS,ompX,rhaS,ygfJ,frlD,yibF,yjiW
12,JW0280,JW0362,JW1665,JW2019,JW2344,JW2626,JW1125,JW3698,JW2848,JW3340,JW3572,JW4319
13,yagT,yaiT,ydhZ,wbbI,yfdC,yfjZ,lit,bglH,ygfM,yhfT,yibI,yjiZ
14,JW1676,JW0383,JW1955,JW2055,JW2356,JW1151,JW1531,JW0784,JW2907,JW3373,JW3774,JW0001
15,ydiI,ykiA,yedZ,yegI,yfdP,ycgZ,dcp,dinG,yqgC,yhgG,hemY,thrA
0,JW0812,JW1312,JW3596,JW2944,JW0878,JW2338,JW2771,JW3299,JW0030,JW3970,JW0816,JW2307
1,iaaA,ompG,rfaC,glcG,dmsB,yfcX,fucA,bfd,carA,purH,yliD,argT
2,JW1737,JW1368,JW3599,JW3180,JW1215,JW2692,JW2773,JW5689,JW0097,JW3656,JW1214,JW2885
3,astC,pinR,rfaZ,gltD,narG,hycD,fucI,malP,mutT,yidL,narK,argK
4,JW0588,JW1497,JW3603,JW3555,JW1216,JW2693,JW2775,JW3575,JW0458,JW0059,JW1807,JW2942
5,entA,ydeR,rfaB,sgbE,narH,hycC,fucU,mtlR,apt,polB,manY,yghK
6,JW0904,JW1867,JW3635,JW4054,JW1294,JW2694,JW2810,JW3864,JW2461,JW2502,JW1902,JW3239
7,smtA,flhE,nlpA,phnO,puuB,hycB,kduD,fdoH,purC,ndk,yecC,yhdZ
8,JW1082,JW1881,JW4282,JW4057,JW1471,JW2695,JW2894,JW0037,JW2491,JW0334,JW2077,JW3442
9,pabC,flhD,fimG,phnL,fdnH,hycA,epd,caiB,guaA,lacY,gatB,nikB
10,JW2257,JW2503,JW4318,JW4059,JW2018,JW2700,JW2958,JW0038,JW2787,JW0452,JW2234,JW3578
11,menB,pbpC,tsr,phnJ,wbbJ,hypE,hybG,caiA,recD,acrA,glpT,lldP
12,JW0136,JW2794,JW0264,JW4061,JW2082,JW2701,JW2960,JW0326,JW2790,JW0581,JW2304,JW4048
13,ecpD,ppdA,yagH,phnH,gatZ,fhlA,hybE,prpE,recC,fepG,hisM,alsA
14,JW1070,JW3233,JW2637,JW0339,JW2195,JW2770,JW2964,JW1409,JW3808,JW0685,JW2305,JW2756
15,flgL,acrE,gabT,mhpB,napD,fucO,hybA,azoR,udp,kdpB,hisQ,rumA
0,JW3136,JW5963,JW2051,JW5071,JW5468,JW5608,JW5761,JW5038,JW5189,JW5383,JW5808,JW5819
1,rbfA,blr,udk,sfmH,ygfS,yieP,yjgB,ykgB,ychM,tfaS,pcnB,ybjS
2,JW3213,JW2300,JW2368,JW5134,JW5517,JW5938,JW5777,JW5041,JW5215,JW5385,JW5811,JW5820
3,tldD,folX,yfdE,cspH,yhaL,yicM,yjhT,ykgE,ydbJ,yfdN,fhiA,ycfS
4,JW0453,JW2604,JW3419,JW5184,JW5522,JW5944,JW5787,JW5060,JW5235,JW5420,JW5812,JW5821
5,acrR,alpA,livF,cvrA,tdcE,yhiM,yjiT,bolA,yncH,ypjM,mbhA,emtA
6,JW2668,JW3029,JW4116,JW5234,JW5541,JW5693,JW5789,JW5084,JW5304,JW5448,JW5813,JW5822
7,recX,bacA,poxA,ansP,aaeX,yrfD,mcrC,hokE,yebA,ygdI,ykfC,abgT
8,JW3446,JW4015,JW2571,JW5278,JW5556,JW5710,JW5790,JW5143,JW5325,JW5525,JW5814,JW5823
9,nikR,aphA,kgtP,arpB,gldA,yrdA,yjiA,ycdT,yeeL,tdcR,yaiF,ydcH
10,JW0525,JW0040,JW5009,JW5354,JW5559,JW5733,JW5792,JW5145,JW5326,JW5607,JW5815,JW5908
11,intD,fixA,hpt,yohO,yiiM,yjdC,yjjM,ymdE,yoeA,hdfR,tfaD,yddM
12,JW0618,JW0333,JW5052,JW5423,JW5563,JW5742,JW5486,JW5170,JW5916,JW0488,JW5816,JW5825
13,cspE,lacA,ampH,pinH,yiiF,yjfN,glcF,ymfP,molR,ylbH,ybfE,yneF
14,JW0920,JW0341,JW5057,JW5466,JW5575,JW5755,JW5619,JW5171,JW5375,JW5807,JW5818,JW5826
15,ssuE,mhpD,yajL,guaD,mobB,yjgF,tnaB,ymfS,nuoC,leuB,potG,asr
0,JW5827,JW5837,JW5845,JW5854,JW5864,JW0688,JW5067,JW5686,JW3647,JW2460,JW3631,JW0939
1,ydhL,yegR,ygcS,yigL,yrhA,ybfA,ybbN,gntU,ivbL,ypfJ,yicI,ycbG
2,JW5910,JW5838,JW5846,JW5855,JW5947,JW1015,JW5097,JW3933,JW5080,JW0644,JW5002,JW3037
3,ydiD,yohG,ygeO,recQ,aroK,ycdU,abrB,oxyR,rzoD,djlC,hokC,rpsU
4,JW5830,JW5839,JW5847,JW5856,JW5868,JW2730,JW5112,JW3375,JW5089,JW0668,JW5003,JW3947
5,yebN,yejO,prfB,trxA,ulaG,ygcL,ybjG,bioH,lipB,ybfN,yaaY,rplA
6,JW5831,JW5840,JW5848,JW5857,JW5953,JW1267,JW5132,JW2226,JW5111,JW1166,JW5188,JW3134
7,znuA,elaD,yghO,rbsD,yjiP,cysB,etp,ubiG,yliB,ycgJ,dhaR,rpsO
8,JW5832,JW5841,JW5849,JW5858,JW5871,JW0162,JW5135,JW2904,JW5106,JW1083,JW5688,JW5125
9,yedQ,prmB,yqhC,yidX,mcrB,glnD,torS,speB,ybiM,yceG,rtcA,ycbW
10,JW5833,JW5842,JW5850,JW5859,JW5873,JW2042,JW5138,JW0022,JW5262,JW3489,JW5322,JW0502
11,yeeJ,yphC,yqjF,dgoT,prfC,wcaC,ycdH,rpsT,dmsD,yhjC,yedW,glxK
12,JW5834,JW5843,JW5852,JW5860,JW1830,JW0613,JW5176,JW1522,JW1559,JW3516,JW5396,JW5603
13,yeeY,norR,yihO,yidR,yobA,dcuC,ycgH,marC,ydfW,yhjX,ypfH,gpp
14,JW5836,JW5844,JW5853,JW5939,JW0485,JW0616,JW5179,JW1501,JW0197,JW3581,JW5443,JW1246
15,cld,ygcI,ysgA,yicJ,ybbP,dcuC,ymgH,hipB,dkgB,yibK,ygcW,yciB
0,JW2413,JW0695,JW4252,JW5865,JW4326,JW3714,JW3711,JW1943,JW1181,JW0125,JW2917,JW1596
1,yfeS,ybfL,fecR,yrfG,dnaT,atpF,atpG,vsr,ldcA,yadI,yggR,ydgH
2,JW2064,JW5874,JW0583,JW5065,JW1630,JW3715,JW2795,JW0240,JW0993,JW4334,JW5955,JW2087
3,baeR,ydhM,ybdA,ybbJ,pdxH,atpE,thyA,yafY,ycdI,holD,bglJ,yegV
4,JW5055,JW5876,JW1537,JW0738,JW2308,JW3716,JW1693,JW0823,JW2431,JW4067,JW2302,JW3210
5,proY,yfeH,ydfK,gpmA,ubiX,atpB,ydiA,dacC,yffI,phnC,yfcI,aaeA
6,JW5258,JW5877,JW1907,JW1731,JW3709,JW3039,JW1225,JW1406,JW4311,JW5869,JW2040,JW1750
7,ynfC,ypeB,fliA,ydjR,atpC,rpoD,hns,ynbB,hsdS,yjiK,wcaE,gdhA
8,JW5259,JW5878,JW3682,JW0090,JW3710,JW3400,JW0807,JW1395,JW1847,JW3359,JW2919,JW0729
9,ynfD,csiE,yidD,ddlB,atpD,gntK,ybiW,paaY,znuC,mrcA,yggT,tolA
10,JW5327,JW1058,JW4125,JW1026,JW4055,JW5592,JW0947,JW1991,JW5867,JW0621,JW0074,JW1107
11,yeeP,flgM,yjeF,csgC,phnN,dapF,yccT,sbmC,aidB,ybeM,leuL,ycfZ
12,JW5434,JW4253,JW3959,JW1031,JW3712,JW0870,JW0325,JW2309,JW3504,JW0409,JW3135,JW1785
13,ascG,fecI,rsd,ymdA,atpA,cydD,prpD,purF,bcsE,yajO,truB,yoaG
14,JW5165,JW2556,JW1982,JW3906,JW3713,JW1041,JW4177,JW0998,JW0310,JW0069,JW1656,JW2116
15,hflD,rseA,flu,priA,atpH,lpxL,ytfL,ycdC,yahD,setA,ydhQ,yehW
0,JW3435,JW3755,JW2287,JW0486,JW2276,JW1819,JW2316,JW1541,JW3451,,,
1,yhhP,rhoL,yfbQ,rhsD,nuoI,prc,usg,nohA,yhhI,,,
2,JW0413,JW3030,JW3586,JW5702,JW3366,JW0242,JW3818,JW5678,JW2021,,,
3,thiI,folB,yibN,crp,pck,yafZ,rfaH,yrhC,glf,,,
4,JW1921,JW1442,JW1273,JW2138,JW3890,JW0694,JW1566,JW5386,JW3301,,,
5,fliE,ydcZ,pyrF,galS,tpiA,ybfQ,dicB,ypdJ,tufA,,,
6,JW5851,JW2204,JW5646,JW0715,JW3924,JW2625,JW1488,JW5897,JW3937,,,
7,pnp,rcsD,envC,sucA,pflC,yfjY,gadB,yliA,trmA,,,
8,JW1427,JW3481,JW0577,JW0885,JW1115,JW0631,JW3485,JW5212,JW1367,,,
9,ydcL,mdtE,ybdZ,pflA,phoQ,ybeA,gadA,rzpR,tfaR,,,
10,JW2167,JW3829,JW2430,JW1122,JW1223,JW4142,JW0549,JW5529,,,,
11,yejE,mobA,yfeG,icd,rssB,yjfL,nohB,yhbO,,,,
12,JW3455,JW5119,JW4106,JW1692,JW2063,JW0306,JW3460,JW5679,,wild_type,,
13,yhiJ,ycaM,yjeK,pps,baeS,betT,pitA,rhsB,,wild_type,,
14,JW0633,JW0009,JW1838,JW2198,JW2214,JW1683,JW3943,JW1455,,,,
15,cobC,yaaH,purT,mqo,atoC,aroD,tufB,ydcC,,,,
0,,,,wild_type,,,,,,,,
1,,,,wild_type,,,,,,,,
2,,,,,,,,wild_type,,,,
3,,,,,,,,wild_type,,,,
4,,,,,,,,wild_type,,,,
5,,,,,,,,wild_type,,,,
6,,,,,,,,,,,,
7,,,,,,,,,,,,
8,,,,,,,,,,,,
9,,,,,,,,,,,,
10,,,,,,,,,,,,
11,,,,,,,,,,,,
12,,,,,,,,,,,,
13,,,,,,,,,,,,
14,,,,,,,,,,,,
15,,,,,,,,,,,,
0,,,,,,,,,,,,
1,,,,,,,,,,,,
2,,,,,,,,wild_type,,,,
3,,,,,,,,wild_type,,,,
4,,,,,,,,,,,wild_type,
5,,,,,,,,,,,wild_type,
6,,,,,,,,,,,,wild_type
7,,,,,,,,,,,,wild_type
8,,,,,,,,,,,,
9,,,,,,,,,,,,
10,,,,,,,,,,,,
11,,,,,,,,,,,,
12,,,,,,,,,,,,
13,,,,,,,,,,,,
14,,,,,,,,,,,,
15,,,,,,,,,,,,
0,,,,,,,,,,,,
1,,,,,,,,,,,,
2,,,,,,wild_type,,,,,,
3,,,,,,wild_type,,,,,,
4,,,,,,,,,,,,
5,,,,,,,,,,,,
6,,,,,,,,,,,,
7,,,,,,,,,,,,
8,,,,wild_type,,,,,,,,
9,,,,wild_type,,,,,,,,
10,,,,,,,,,,,,
11,,,,,,,,,,,,
12,,,,,,,,,,,,
13,,,,,,,,,,,,
14,,wild_type,,,,,,,,,,
15,,wild_type,,,,,,,,,,
